Edwin East,7
Edwin West,8
Oro Heights,9
E Edwin Rd,10
Twin Lakes,11
Samaniego Estates,12
E Cloud Nine Rd,13
NW Sun City,14
The Gallery,15
East Golder Ranch Drive and E Red Range Lane,16
Chaparral Acres,17
W Sun City,18
W Central Sun City,19
E Central Sun City,20
Mountain Shadows Presbyterian,21
10 and Sandario Rd,22
East Golder Ranch Drive and N Sutherland Trail,23
Honey Bee Canyon Estates,24
Heritage Highlands At Redhawk,25
E Window Rock,26
La Cholla Airpark,27
NE Avra Valley,28
N Oracle Rd and E Rancho Vistoso Blvd,29
Estates At High Mesa,30
Tortolita Vistas,31
Tangerine Crossing,32
El Tirador Estates,33
W Moore Rd and N La Cholla Blvd,34
Dove Mountain Park,35
Rancho De Oro,36
Monterra Hills,37
Copper Springs Estates,38
East of La Cholla Estates,39
St. Mark's Catholic Church area,40
Rams Canyon,41
Catalina Shadows Estates,42
Window Rock,43
N La Reserve,44
Encanto Canyon,45
Canada Hills,46
W Tortolita,47
Lambert Acres,48
Oro Valley Heights,49
Saddle Valley,50
Lomas De Oro,51
Linda Vista Estates,52
Central Tortolita,53
Crimson Canyon At Reserve,54
Saguaro Springs,55
Los Morteros Est,56
Kachina Ridge,57
Canada Verde,58
Campo Bello,59
Countryside,60
Sunset Pointe,61
Cortaro Ranch,62
W Magee Rd - N Totavi Trail,63
The Links,64
Sunset Ranch Estates,65
N Cobo Catalina Hills,66
NW Pima Canyon Estates,67
E Pima Canyon Estates,68
S Catalina Ridge Estates,69
Villas De La Canada,70
W Magee Rd - N Paseo Del Norte,71
Herbert Terrace,72
Vista De Las Candelas Estates,73
NE Bridlewood West,74
La Colina Estates,75
W Ina Rd - N Omar Dr,76
S Sin Vacas,77
Monte Cielo,78
Silverbell Hills Estates,79
N Camino De La Tierra - W Las Palmas Dr,80
Casas Adobes Park,81
S Casas Adobes,82
Villa Estela Garden Townhouses,83
Silverbell Hills Estates,84
Vel Del Cerro,85
Del Cerro Ranch,86
Rollercoaster Heights,87
Picture Rocks,88
Milagrosa Hills,89
Milagrosa Hills,90
La Bella Vista,91
Makohoh Estates,92
Melody Lane Estates,93
Westbrooke,94
Del Cerro Ranch,95
Rancho Del Cerro,96
Lazy Ranch Estates,97
SE Flowing Wells,98
E Redington Ranch,99
Redington Ranch,100
SW Agua Caliente Estates,101
Pantano Ranch Estates,102
Central Tanque Verde,103
Central Tanque Verde,104
Direcly North of Ironwood Ridges,105
Bear Canyon,106
W Florence St,107
Lazy Ranch Estates,108
Tucson Heights,109
W Sahuaro St,110
W Riverview Blvd,111
W Wagon Wheels Dr,112
W Glenn Point,113
E Drachman,114
N Euclid,115
N Deer Glen,116
Greasewood Park,117
Barrio Hollywood,118
Barrio Hollywood,119
NW Downtown,120
East Downtown,121
Menlo Park,122
Menlo Park,123
Tuscon West,124
Starr Pass,125
Rincon Heights,126
NE South Park,127
Starr Pass,128
NW Westside Development,129
Directly South of Sentinel Peak Park,130
Directly East of Ormsby Park,131
Directly South of Santa Rita Park,132
North Wakefield,133
Directly South of Julian Wash Archaeological Park ,134
Santa Cruz Southwest,135
Westside Development,136
SE Pueblo Gardens,137
South Tucson,138
Westview Pointe,139
Amphi,140
Lomas Saenz,141
John F Kennedy Park,142
19 and W Ajo Way,143
Fairgrounds,144
Drexel Park,145
Rose,146
Foothills Ranchos,147
Lomas Saenz,148
Las Casitas At Manzanita Hills,149
Directly West of Desert Shadows Park,150
Directly North of Tucson Airport,151
Westview,152
East Drexel Heights,153
Midvale Park - South,154
Greenwood at Marketplace Apartments,155
Sunnyside - Drexel & Liberty,156
Elivira - Elem. School Area,157
Elvira - New Hope Church Area,158
Indian Valley Acres,159
El Sol Acres,160
Las Palomas,161
Willmott - Hermans Rd East,162
San Xavier Estates,163
Mission Valley,164
Rita Ranch - La Palma Dr,165
Rita Ranch - El Rankin Loop,166
Willmott - Hermans Rd West,167
Rita Ranch - Jumping Cholla Dr,168
Rita Ranch - Elem School Area,169
Rita Ranch - El Esmond Loop,170
Voyager RV Resort Area,171
Nogales & Aerospace Dr,172
Nogales & Old Vail Rd,173
Sycamore Park Community,174
Rincon Trails,175
Westway Homesites,176
Four Seasons,177
Riverwalk At Rancho Del Lago,178
Casitas Del Valle,179
Highland Manor,180
Valley View Acres - North ,181
Greenwald Acres - West,182
Greenwald Acres - Central,183
Greenwald Acres -East,184
E Colossal Cave & S Preserve Dr,185
Valley View Acres - South,186
San Pedro Estates,187
Vail Vista Estates,188
Mira Bell,189
JD Ranch,190
Sierreta Mountain & Goldwater Rd,191
Diamond Bell Ranch - Northwest,192
Diamond Bell Ranch - North,193
Presidio De La Tierra,194
Presidio Del Flores,195
Diamond Bell Ranch - West,196
New Tucson - North,197
New Tucson - South,198
Rancho Resort,199
Diamond Bell Ranch - Southeast,200
Santa Rita Bel Air Estates,201
Corona De Tucson - North,202
Sycamore Hills Estates,203
Rancho Buena Vista,204
Corona De Tucson - South,205
Santa Rita Ranch,206
Valle Del Sol,207
Los Arroyos,208
Colonias La Canada,209
Sahuarita Highlands,210
La Joya Verde,211
Madera Highlands,212
Green Valley Country Club North,213
Colonia De Los Alamos,214
Quail Creek,215
Stone House,216
Las Campanas Village,217
Tucson Green Valley Townhouse Apartment,218
Green Valley Desert Hills,219
Lakewood Estates,220
